Annualized Returns,Sharpe,Sortino,Calmar,Max Drawdown
0.11534960549708972,1.0805592856388369,1.4101048944676413,0.7867703203100205,-0.14661153645404054
