Annualized Returns,Sharpe,Sortino,Calmar,Max Drawdown
0.1153495470999395,1.080558737789442,1.4101039949268448,0.7867687613446439,-0.14661175273761365
