Annualized Returns,Sharpe,Sortino,Calmar,Max Drawdown
0.04287376903398821,0.6315545103178041,0.7514569151000942,0.2752528610338427,-0.15576139289871657
