Annualized Returns,Sharpe,Sortino,Calmar,Max Drawdown
0.04287373296275887,0.6315538692176291,0.7514559004307466,0.27525310119634455,-0.1557611259470462
