Annualized Returns,Sharpe,Sortino,Calmar,Max Drawdown
0.05734195669573605,0.6845079579682842,0.8404158272749102,0.4881393156927326,-0.11747047380184983
