Annualized Returns,Sharpe,Sortino,Calmar,Max Drawdown
0.07568430730890352,0.6998270221543226,0.8580029655852894,0.39722525716476287,-0.19053246475087773
