Annualized Returns,Sharpe,Sortino,Calmar,Max Drawdown
0.010957838808751452,0.5152876210591616,0.5152876210591616,0.1570803387593199,0.5152876210591616
