Annualized Returns,Sharpe,Sortino,Calmar,Max Drawdown
0.010958076569051789,0.5152966302952485,0.5715669149930085,0.15708821190207528,-0.06975747216400152
