Annualized Returns,Sharpe,Sortino,Calmar,Max Drawdown
-0.0040324942796775565,0.08783982150866218,0.10832706608161037,-0.007523034875225276,-0.5360196179546228
