Annualized Returns,Sharpe,Sortino,Calmar,Max Drawdown
0.09193547147159276,0.8622482662197182,0.8622482662197182,0.4707248576114118,0.8622482662197182
