Annualized Returns,Sharpe,Sortino,Calmar,Max Drawdown
0.09193541789700022,0.8622478512077701,1.0690738531722621,0.4707238819081053,-0.19530646612688293
