Annualized Returns,Sharpe,Sortino,Calmar,Max Drawdown
0.10048216824398648,0.9204430818126643,1.1554321167583426,0.6731233179601314,-0.14927750318989538
