Annualized Returns,Sharpe,Sortino,Calmar,Max Drawdown
0.05261204028897559,0.4775471146288985,0.6206025517112101,0.21113517395881704,-0.24918652492851728
