Annualized Returns,Sharpe,Sortino,Calmar,Max Drawdown
0.0977616247676234,0.7662790403522715,1.0078852788471957,0.5467809238858282,-0.1787948710296205
