Annualized Returns,Sharpe,Sortino,Calmar,Max Drawdown
0.040095371495066034,0.3525742325450051,0.44464773789377937,0.13034791443372126,-0.30760270825394415
