Annualized Returns,Sharpe,Sortino,Calmar,Max Drawdown
0.04009544593352388,0.35257463813779744,0.35257463813779744,0.13034858009312117,0.35257463813779744
