Annualized Returns,Sharpe,Sortino,Calmar,Max Drawdown
0.014540066433401444,0.1917930788696806,0.2275019377416547,0.0602872896673223,-0.2411796336116042
