Annualized Returns,Sharpe,Sortino,Calmar,Max Drawdown
0.020348460482713326,0.27196239401477507,0.3244377810057536,0.07374219621268775,-0.2759405269680897
