Annualized Returns,Sharpe,Sortino,Calmar,Max Drawdown
0.047417298949099074,0.7565382005457424,0.9280012928616006,0.47091749087196755,-0.10069130976914771
