Annualized Returns,Sharpe,Sortino,Calmar,Max Drawdown
-0.021920588097401605,-0.15291268711476963,-0.19160217265013302,-0.05094120324394294,-0.43031154942356076
