Annualized Returns,Sharpe,Sortino,Calmar,Max Drawdown
0.07516980047013866,0.8624146838718904,1.056687956586701,0.5902313473078671,-0.12735650319658434
