Annualized Returns,Sharpe,Sortino,Calmar,Max Drawdown
0.07728847979195375,0.732216235261811,0.8851811762582101,0.4231894291264998,-0.18263329486155636
