Annualized Returns,Sharpe,Sortino,Calmar,Max Drawdown
0.1088864783916772,0.979489891858111,1.2523750944389462,0.7088883407780501,-0.15360173405048158
