Annualized Returns,Sharpe,Sortino,Calmar,Max Drawdown
0.07516957906163269,0.8624123527049137,0.8624123527049137,0.5902304193476792,0.8624123527049137
