Annualized Returns,Sharpe,Sortino,Calmar,Max Drawdown
0.07516956730844515,0.862412251519503,1.0566856825230007,0.5902305214073876,-0.12735628636961283
