Annualized Returns,Sharpe,Sortino,Calmar,Max Drawdown
0.18041265262519945,0.9861676852080381,1.3623917512301842,0.7970963188346903,-0.22633733008446524
