Annualized Returns,Sharpe,Sortino,Calmar,Max Drawdown
0.14187989707068027,0.785758119800881,1.0822275887455028,0.4862801019365286,-0.291765787877537
