Annualized Returns,Sharpe,Sortino,Calmar,Max Drawdown
0.027401636975134647,0.3528216625056305,0.44447777552263706,0.1770292620319697,-0.1547859187832246
