Annualized Returns,Sharpe,Sortino,Calmar,Max Drawdown
0.055673933897454564,0.5937080120536056,0.7775211069826062,0.23173691606882285,-0.24024628808350987
