Annualized Returns,Sharpe,Sortino,Calmar,Max Drawdown
0.06917894926614587,0.7222838073603911,0.9511434780206945,0.3019029982679968,-0.22914296864563197
