Annualized Returns,Sharpe,Sortino,Calmar,Max Drawdown
0.04580424555117668,0.3592013212102608,0.4538111082169543,0.15243152564745657,-0.30049063247659596
