Annualized Returns,Sharpe,Sortino,Calmar,Max Drawdown
0.03892244937077072,0.38210130575206147,0.38210130575206147,0.1974617197783496,0.38210130575206147
