Annualized Returns,Sharpe,Sortino,Calmar,Max Drawdown
0.03892282430992133,0.38210434154607725,0.49007976618666954,0.1974635533109814,-0.19711396689303246
