Annualized Returns,Sharpe,Sortino,Calmar,Max Drawdown
0.04287372043272475,0.6315537565973234,0.7514558592424168,0.275252303244449,-0.15576153197399042
