Annualized Returns,Sharpe,Sortino,Calmar,Max Drawdown
0.09889853967518714,1.2192972150727814,1.621466802353047,0.761466950983223,-0.12987896526236253
