Annualized Returns,Sharpe,Sortino,Calmar,Max Drawdown
0.12044814038285145,1.1017038604229692,1.4482443769144415,0.8215465068901013,-0.14661146918973372
