Annualized Returns,Sharpe,Sortino,Calmar,Max Drawdown
0.11065790330759451,0.7742185857406368,0.9442489288751172,0.3281937059860355,-0.3371725334437186
