Annualized Returns,Sharpe,Sortino,Calmar,Max Drawdown
0.1106578534816669,0.7742183669892964,0.9442473098203131,0.328193478888992,-0.33717261493515466
