Annualized Returns,Sharpe,Sortino,Calmar,Max Drawdown
0.11065784636367981,0.7742180544961146,0.9442478203553558,0.32819329802926156,-0.3371727790547801
