Annualized Returns,Sharpe,Sortino,Calmar,Max Drawdown
0.10128932060764595,1.0314995052030846,1.3240391884230984,0.5404509307573514,-0.18741631264415798
