Annualized Returns,Sharpe,Sortino,Calmar,Max Drawdown
0.049095574871584,0.6207312165843025,0.7815111226987655,0.27803494907002513,-0.17658058828862888
