Annualized Returns,Sharpe,Sortino,Calmar,Max Drawdown
0.012292405136226092,0.17815604763142903,0.2145079379909992,0.043824732463694664,-0.2804901352543197
