Annualized Returns,Sharpe,Sortino,Calmar,Max Drawdown
0.012292302258339438,0.17815497523830015,0.17815497523830015,0.043824269276457495,0.17815497523830015
